Workbook

Sheet Risk Register
A1: Monteverde Airport – Information Security Risk Register (RISK-REG-2026-001)
A2: Method: NIST SP 800-30 Rev.1 / ISO/IEC 27005 (qualitative 5x5). Treatment per ISO/IEC 27001:2022. Date: 2026-10-10. Scores are reasoned estimates for the simulated airport scenario, not measured values.
A3: Legend: blue cells (Likelihood, Impact, Treatment) are inputs — edit them; Score and Level are formulas and update automatically. Scales and level bands: see 'Scales' sheet.
A5: ID | B5: Asset / area | C5: Threat | D5: Vulnerability | E5: Existing controls | F5: Likelihood (1-5) | G5: Impact (1-5) | H5: Score (L×I) | I5: Level | J5: Treatment
A6: R-01 | B6: OPNsense firewall (management GUI) | C6: Unauthorised access to firewall management from the check-in zone | D6: Anti-lockout rule leaves the GUI reachable from the whole check-in LAN; Office/IT admin zone not yet built | E6: Web rules exclude PRIVATE_NETS; GUI over HTTPS; SecOps admin restricted to soc-ws01 | F6: 3 | G6: 5 | H6: =F6*G6 -> 15 | I6: =IF(H6>=Scales!$A$17,"Critical",IF(H6>=Scales!$A$16,"High",IF(H6>=Scales!$A$15,"Medium","Low"))) -> High | J6: Mitigate
A7: R-02 | B7: Wazuh manager (agent enrollment) | C7: Rogue or spoofed agent registers with the SIEM | D7: Agent enrollment has no password/authentication | E7: Enrollment ports (1514/1515) reachable only from the two active zones | F7: 2 | G7: 4 | H7: =F7*G7 -> 8 | I7: =IF(H7>=Scales!$A$17,"Critical",IF(H7>=Scales!$A$16,"High",IF(H7>=Scales!$A$15,"Medium","Low"))) -> Medium | J7: Mitigate
A8: R-03 | B8: checkin-srv / checkin-pc01 (file integrity) | C8: Undetected tampering with critical files | D8: FIM runs on a schedule, not in real time | E8: Wazuh FIM active on a schedule; Sysmon on checkin-pc01 | F8: 3 | G8: 3 | H8: =F8*G8 -> 9 | I8: =IF(H8>=Scales!$A$17,"Critical",IF(H8>=Scales!$A$16,"High",IF(H8>=Scales!$A$15,"Medium","Low"))) -> Medium | J8: Mitigate
A9: R-04 | B9: Internal time service (NTP) | C9: Time spoofing that corrupts log correlation and certificate validation | D9: Internal NTP (firewall → hosts) is not authenticated | E9: Single internal time source (firewall); Hyper-V time sync disabled on guests | F9: 2 | G9: 3 | H9: =F9*G9 -> 6 | I9: =IF(H9>=Scales!$A$17,"Critical",IF(H9>=Scales!$A$16,"High",IF(H9>=Scales!$A$15,"Medium","Low"))) -> Medium | J9: Accept
A10: R-05 | B10: Grafana (mon-srv) | C10: Interception of monitoring credentials / data | D10: Grafana served over plain HTTP | E10: Reachable only from soc-ws01 (ufw + firewall rule) | F10: 2 | G10: 2 | H10: =F10*G10 -> 4 | I10: =IF(H10>=Scales!$A$17,"Critical",IF(H10>=Scales!$A$16,"High",IF(H10>=Scales!$A$15,"Medium","Low"))) -> Low | J10: Mitigate
A11: R-06 | B11: mon-srv, soc-ws01, firewall (telemetry) | C11: Attacker activity on hosts without a SIEM agent goes unseen | D11: No Wazuh agent on mon-srv/soc-ws01; perimeter blocks visible only in OPNsense live view; soc-ws01 ufw blocks stay local | E11: Host ufw active everywhere; perimeter firewall logging; Sysmon on the endpoint | F11: 3 | G11: 4 | H11: =F11*G11 -> 12 | I11: =IF(H11>=Scales!$A$17,"Critical",IF(H11>=Scales!$A$16,"High",IF(H11>=Scales!$A$15,"Medium","Low"))) -> High | J11: Mitigate
A12: R-07 | B12: Network segmentation | C12: Lateral movement / admin traffic outside a controlled zone | D12: Office/IT zone not built; VM administration from the Hyper-V console on the host | E12: Stateful firewall, default-deny between zones; only two zones active | F12: 2 | G12: 4 | H12: =F12*G12 -> 8 | I12: =IF(H12>=Scales!$A$17,"Critical",IF(H12>=Scales!$A$16,"High",IF(H12>=Scales!$A$15,"Medium","Low"))) -> Medium | J12: Accept
A13: R-08 | B13: checkin-pc01 (Windows 11 evaluation) | C13: Loss of the endpoint / lab environment | D13: Evaluation licence expires ~end December 2026 | E13: Checkpoints taken; chapter work completed before expiry | F13: 4 | G13: 2 | H13: =F13*G13 -> 8 | I13: =IF(H13>=Scales!$A$17,"Critical",IF(H13>=Scales!$A$16,"High",IF(H13>=Scales!$A$15,"Medium","Low"))) -> Medium | J13: Accept
A14: R-09 | B14: Wazuh detection rules | C14: Missed detection or alert fatigue | D14: Custom rule 100101 (port scan) not fully tuned; MITRE tags incomplete on custom rules | E14: Custom rules tested with wazuh-logtest; sysmon-modular ruleset | F14: 3 | G14: 3 | H14: =F14*G14 -> 9 | I14: =IF(H14>=Scales!$A$17,"Critical",IF(H14>=Scales!$A$16,"High",IF(H14>=Scales!$A$15,"Medium","Low"))) -> Medium | J14: Mitigate
A15: R-10 | B15: Host firewall logging (ufw) | C15: Security-relevant packets not recorded | D15: ufw logging set to 'low' (samples packets, not all) | E15: ufw active on servers and soc-ws01; blocks forwarded to Wazuh on checkin-srv | F15: 3 | G15: 2 | H15: =F15*G15 -> 6 | I15: =IF(H15>=Scales!$A$17,"Critical",IF(H15>=Scales!$A$16,"High",IF(H15>=Scales!$A$15,"Medium","Low"))) -> Medium | J15: Accept
A16: R-11 | B16: checkin-pc01 (host configuration) | C16: Residual weakening of endpoint hardening after lab exercises | D16: PowerShell execution policy left at RemoteSigned (CurrentUser) after chapter 9 | E16: Atomic Red Team removed via pre-atomic checkpoint; Defender stayed active throughout | F16: 2 | G16: 2 | H16: =F16*G16 -> 4 | I16: =IF(H16>=Scales!$A$17,"Critical",IF(H16>=Scales!$A$16,"High",IF(H16>=Scales!$A$15,"Medium","Low"))) -> Low | J16: Accept
A17: R-12 | B17: Hyper-V host (VM management) | C17: Slow or error-prone recovery actions under pressure | D17: Hyper-V PowerShell module not installed on the host; management is GUI-only | E17: Documented GUI procedures for checkpoint/network/restore | F17: 2 | G17: 2 | H17: =F17*G17 -> 4 | I17: =IF(H17>=Scales!$A$17,"Critical",IF(H17>=Scales!$A$16,"High",IF(H17>=Scales!$A$15,"Medium","Low"))) -> Low | J17: Accept
A18: R-13 | B18: checkin-srv (business application) | C18: The core business service cannot be protected or monitored in context | D18: Check-in application not yet deployed on checkin-srv | E18: Host hardened (ufw, static IP, NTP, Wazuh agent) ready to host it | F18: 3 | G18: 2 | H18: =F18*G18 -> 6 | I18: =IF(H18>=Scales!$A$17,"Critical",IF(H18>=Scales!$A$16,"High",IF(H18>=Scales!$A$15,"Medium","Low"))) -> Medium | J18: Accept
B20: Summary by level
B21: Critical | C21: =COUNTIF($I$6:$I$18,B21) -> 0
B22: High | C22: =COUNTIF($I$6:$I$18,B22) -> 2
B23: Medium | C23: =COUNTIF($I$6:$I$18,B23) -> 8
B24: Low | C24: =COUNTIF($I$6:$I$18,B24) -> 3
B25: Total risks | C25: =SUM(C21:C24) -> 13

Sheet Scales
A1: Scales and level bands
A3: Likelihood | D3: Impact
A4: Score | B4: Meaning | D4: Score | E4: Meaning
A5: 1 | B5: Rare | D5: 1 | E5: Negligible
A6: 2 | B6: Unlikely | D6: 2 | E6: Minor
A7: 3 | B7: Possible | D7: 3 | E7: Moderate
A8: 4 | B8: Likely | D8: 4 | E8: Major
A9: 5 | B9: Almost certain | D9: 5 | E9: Severe (operations stopped / large data breach)
A12: Level bands (lab convention — edit the lower bounds in blue to change thresholds)
A13: Min score | B13: Level
A14: 1 | B14: Low
A15: 5 | B15: Medium
A16: 10 | B16: High
A17: 16 | B17: Critical
A19: Treatment options (ISO/IEC 27001:2022): Mitigate · Accept · Avoid · Transfer

Sheet Treatment Plan
A1: Risk treatment plan – actions for 'Mitigate' items
A3: ID | B3: Level | C3: Planned action | D3: Status
A4: R-01 | B4: =INDEX('Risk Register'!$I$6:$I$18,MATCH(A4,'Risk Register'!$A$6:$A$18,0)) -> High | C4: Build the Office/IT zone and restrict firewall management to it; tighten the anti-lockout exposure | D4: Planned
A5: R-06 | B5: =INDEX('Risk Register'!$I$6:$I$18,MATCH(A5,'Risk Register'!$A$6:$A$18,0)) -> High | C5: Install Wazuh agents on mon-srv and soc-ws01; forward OPNsense logs (syslog) to Wazuh | D5: Planned
A6: R-02 | B6: =INDEX('Risk Register'!$I$6:$I$18,MATCH(A6,'Risk Register'!$A$6:$A$18,0)) -> Medium | C6: Enable Wazuh agent enrollment password | D6: Planned
A7: R-03 | B7: =INDEX('Risk Register'!$I$6:$I$18,MATCH(A7,'Risk Register'!$A$6:$A$18,0)) -> Medium | C7: Set FIM to realtime on critical directories | D7: Planned
A8: R-05 | B8: =INDEX('Risk Register'!$I$6:$I$18,MATCH(A8,'Risk Register'!$A$6:$A$18,0)) -> Low | C8: Issue a TLS certificate for Grafana | D8: Planned
A9: R-09 | B9: =INDEX('Risk Register'!$I$6:$I$18,MATCH(A9,'Risk Register'!$A$6:$A$18,0)) -> Medium | C9: Tune rule 100101; add MITRE technique tags to custom rules | D9: Planned
